temperature,final_ssl_loss,final_knn_acc,best_knn_acc
0.1,0.32296305845244744,0.7956,0.7956
0.5,3.2040276689199723,0.8114,0.8114
5.0,4.669149975770567,0.685,0.685
